{"UUID":"UQF2A2hRy0Q7ugMJfwSD0j","layoutMainAxisSizing":null,"layoutCrossAxisSizing":null,"name":"Zenrapy","isVisible":true,"boundaryRectangle":null,"style":null,"prototypeNodeUUID":null,"child":null,"constraints":null,"debug":false,"pngPath":"/usr/src/app/temp-out/pb-tmp-2ddf6bba-d221-4cf8-8033-2e61c7821c21/zenrapy/lib/assets/images","pages":[{"UUID":"0:1","layoutMainAxisSizing":null,"layoutCrossAxisSizing":null,"name":"web design","isVisible":true,"boundaryRectangle":null,"style":null,"prototypeNodeUUID":null,"child":null,"constraints":null,"convert":true,"screens":[],"pbdlType":"page"},{"UUID":"339:409","layoutMainAxisSizing":null,"layoutCrossAxisSizing":null,"name":"asset ","isVisible":true,"boundaryRectangle":null,"style":null,"prototypeNodeUUID":null,"child":null,"constraints":null,"convert":true,"screens":[],"pbdlType":"page"},{"UUID":"565:650","layoutMainAxisSizing":null,"layoutCrossAxisSizing":null,"name":"app design","isVisible":true,"boundaryRectangle":null,"style":null,"prototypeNodeUUID":null,"child":null,"constraints":null,"convert":true,"screens":[],"pbdlType":"page"}],"miscPages":[],"sharedStyles":[],"globalStyles":{"UUID":"","layoutMainAxisSizing":null,"layoutCrossAxisSizing":null,"name":"","isVisible":false,"boundaryRectangle":null,"style":null,"prototypeNodeUUID":null,"child":null,"constraints":null,"pbdlType":"global_styles","designSystem":"material","colors":[{"UUID":"792:857","layoutMainAxisSizing":null,"layoutCrossAxisSizing":null,"name":"Black","isVisible":false,"boundaryRectangle":null,"style":null,"prototypeNodeUUID":null,"child":null,"constraints":null,"description":"","pbdlType":"global_color","color":{"a":1.0,"r":0.0,"g":0.0,"b":0.0}},{"UUID":"792:860","layoutMainAxisSizing":null,"layoutCrossAxisSizing":null,"name":"White","isVisible":false,"boundaryRectangle":null,"style":null,"prototypeNodeUUID":null,"child":null,"constraints":null,"description":"","pbdlType":"global_color","color":{"a":1.0,"r":1.0,"g":1.0,"b":1.0}},{"UUID":"433:491","layoutMainAxisSizing":null,"layoutCrossAxisSizing":null,"name":"icon/default-b","isVisible":false,"boundaryRectangle":null,"style":null,"prototypeNodeUUID":null,"child":null,"constraints":null,"description":"","pbdlType":"global_color","color":{"a":1.0,"r":0.20416666567325592,"g":0.20416666567325592,"b":0.20416666567325592}},{"UUID":"433:643","layoutMainAxisSizing":null,"layoutCrossAxisSizing":null,"name":"font/deafault-b","isVisible":false,"boundaryRectangle":null,"style":null,"prototypeNodeUUID":null,"child":null,"constraints":null,"description":"","pbdlType":"global_color","color":{"a":1.0,"r":0.20416666567325592,"g":0.20416666567325592,"b":0.20416666567325592}},{"UUID":"433:622","layoutMainAxisSizing":null,"layoutCrossAxisSizing":null,"name":"font/default-w","isVisible":false,"boundaryRectangle":null,"style":null,"prototypeNodeUUID":null,"child":null,"constraints":null,"description":"","pbdlType":"global_color","color":{"a":1.0,"r":1.0,"g":1.0,"b":1.0}},{"UUID":"433:1609","layoutMainAxisSizing":null,"layoutCrossAxisSizing":null,"name":"default/ic/badge","isVisible":false,"boundaryRectangle":null,"style":null,"prototypeNodeUUID":null,"child":null,"constraints":null,"description":"","pbdlType":"global_color","color":{"a":1.0,"r":1.0,"g":1.0,"b":1.0}},{"UUID":"433:619","layoutMainAxisSizing":null,"layoutCrossAxisSizing":null,"name":"icon/white","isVisible":false,"boundaryRectangle":null,"style":null,"prototypeNodeUUID":null,"child":null,"constraints":null,"description":"","pbdlType":"global_color","color":{"a":1.0,"r":1.0,"g":1.0,"b":1.0}},{"UUID":"433:490","layoutMainAxisSizing":null,"layoutCrossAxisSizing":null,"name":"base/primary-1","isVisible":false,"boundaryRectangle":null,"style":null,"prototypeNodeUUID":null,"child":null,"constraints":null,"description":"","pbdlType":"global_color","color":{"a":1.0,"r":0.0313725508749485,"g":0.19607843458652496,"b":0.8705882430076599}},{"UUID":"433:1610","layoutMainAxisSizing":null,"layoutCrossAxisSizing":null,"name":"default/font/text","isVisible":false,"boundaryRectangle":null,"style":null,"prototypeNodeUUID":null,"child":null,"constraints":null,"description":"Основной цвет текста — в сообщениях, на карточках чатов и задач.","pbdlType":"global_color","color":{"a":1.0,"r":0.20416666567325592,"g":0.20416666567325592,"b":0.20416666567325592}},{"UUID":"433:1611","layoutMainAxisSizing":null,"layoutCrossAxisSizing":null,"name":"table_black","isVisible":false,"boundaryRectangle":null,"style":null,"prototypeNodeUUID":null,"child":null,"constraints":null,"description":"","pbdlType":"global_color","color":{"a":1.0,"r":0.19607843458652496,"g":0.23529411852359772,"b":0.27843138575553894}},{"UUID":"433:864","layoutMainAxisSizing":null,"layoutCrossAxisSizing":null,"name":"base/brand-secondary","isVisible":false,"boundaryRectangle":null,"style":null,"prototypeNodeUUID":null,"child":null,"constraints":null,"description":"","pbdlType":"global_color","color":{"a":1.0,"r":0.9607843160629272,"g":0.95686274766922,"b":1.0}},{"UUID":"433:1612","layoutMainAxisSizing":null,"layoutCrossAxisSizing":null,"name":"dark/font/sub","isVisible":false,"boundaryRectangle":null,"style":null,"prototypeNodeUUID":null,"child":null,"constraints":null,"description":"","pbdlType":"global_color","color":{"a":1.0,"r":0.5647059082984924,"g":0.5647059082984924,"b":0.5647059082984924}},{"UUID":"433:1614","layoutMainAxisSizing":null,"layoutCrossAxisSizing":null,"name":"font/subtext","isVisible":false,"boundaryRectangle":null,"style":null,"prototypeNodeUUID":null,"child":null,"constraints":null,"description":"","pbdlType":"global_color","color":{"a":1.0,"r":0.48969656229019165,"g":0.48969656229019165,"b":0.48969656229019165}},{"UUID":"433:768","layoutMainAxisSizing":null,"layoutCrossAxisSizing":null,"name":"button/brand","isVisible":false,"boundaryRectangle":null,"style":null,"prototypeNodeUUID":null,"child":null,"constraints":null,"description":"","pbdlType":"global_color","color":{"a":1.0,"r":0.2630588412284851,"g":0.2509804368019104,"b":0.8549019694328308}},{"UUID":"433:775","layoutMainAxisSizing":null,"layoutCrossAxisSizing":null,"name":"default/base/back_light","isVisible":false,"boundaryRectangle":null,"style":null,"prototypeNodeUUID":null,"child":null,"constraints":null,"description":"Цвет линий разделения.","pbdlType":"global_color","color":{"a":1.0,"r":0.9647058844566345,"g":0.9647058844566345,"b":0.9647058844566345}},{"UUID":"433:769","layoutMainAxisSizing":null,"layoutCrossAxisSizing":null,"name":"button/simple","isVisible":false,"boundaryRectangle":null,"style":null,"prototypeNodeUUID":null,"child":null,"constraints":null,"description":"","pbdlType":"global_color","color":{"a":1.0,"r":0.9647058844566345,"g":0.9647058844566345,"b":0.9647058844566345}},{"UUID":"433:1313","layoutMainAxisSizing":null,"layoutCrossAxisSizing":null,"name":"default/base/back_dark","isVisible":false,"boundaryRectangle":null,"style":null,"prototypeNodeUUID":null,"child":null,"constraints":null,"description":"Дополнительный темно-серый","pbdlType":"global_color","color":{"a":1.0,"r":0.7686274647712708,"g":0.7686274647712708,"b":0.7686274647712708}},{"UUID":"433:871","layoutMainAxisSizing":null,"layoutCrossAxisSizing":null,"name":"input/base","isVisible":false,"boundaryRectangle":null,"style":null,"prototypeNodeUUID":null,"child":null,"constraints":null,"description":"","pbdlType":"global_color","color":{"a":1.0,"r":0.9647058844566345,"g":0.9647058844566345,"b":0.9647058844566345}},{"UUID":"433:1312","layoutMainAxisSizing":null,"layoutCrossAxisSizing":null,"name":"default/button/simple_static","isVisible":false,"boundaryRectangle":null,"style":null,"prototypeNodeUUID":null,"child":null,"constraints":null,"description":"Статичное состояние дополнительной кнопки, например, «Отменить».","pbdlType":"global_color","color":{"a":1.0,"r":0.9647058844566345,"g":0.9647058844566345,"b":0.9647058844566345}},{"UUID":"433:1314","layoutMainAxisSizing":null,"layoutCrossAxisSizing":null,"name":"default/font/text_bubble_sent","isVisible":false,"boundaryRectangle":null,"style":null,"prototypeNodeUUID":null,"child":null,"constraints":null,"description":"","pbdlType":"global_color","color":{"a":1.0,"r":0.20416666567325592,"g":0.20416666567325592,"b":0.20416666567325592}},{"UUID":"433:1264","layoutMainAxisSizing":null,"layoutCrossAxisSizing":null,"name":"table/devider","isVisible":false,"boundaryRectangle":null,"style":null,"prototypeNodeUUID":null,"child":null,"constraints":null,"description":"","pbdlType":"global_color","color":{"a":1.0,"r":0.9215686321258545,"g":0.9372549057006836,"b":0.9490196108818054}},{"UUID":"433:621","layoutMainAxisSizing":null,"layoutCrossAxisSizing":null,"name":"icon/other","isVisible":false,"boundaryRectangle":null,"style":null,"prototypeNodeUUID":null,"child":null,"constraints":null,"description":"","pbdlType":"global_color","color":{"a":1.0,"r":0.4541666805744171,"g":0.4541666805744171,"b":0.4541666805744171}},{"UUID":"433:744","layoutMainAxisSizing":null,"layoutCrossAxisSizing":null,"name":"switch/white","isVisible":false,"boundaryRectangle":null,"style":null,"prototypeNodeUUID":null,"child":null,"constraints":null,"description":"","pbdlType":"global_color","color":{"a":1.0,"r":1.0,"g":1.0,"b":1.0}},{"UUID":"433:1221","layoutMainAxisSizing":null,"layoutCrossAxisSizing":null,"name":"table/checked-string","isVisible":false,"boundaryRectangle":null,"style":null,"prototypeNodeUUID":null,"child":null,"constraints":null,"description":"","pbdlType":"global_color","color":{"a":1.0,"r":0.9428489208221436,"g":0.9424479007720947,"b":0.9624999761581421}},{"UUID":"433:862","layoutMainAxisSizing":null,"layoutCrossAxisSizing":null,"name":"default/base/brand_light","isVisible":false,"boundaryRectangle":null,"style":null,"prototypeNodeUUID":null,"child":null,"constraints":null,"description":"Дополнительный светлый оттенок заглавного цвета, зарезервирован для анимации в интерфейсе","pbdlType":"global_color","color":{"a":1.0,"r":0.929411768913269,"g":0.9647058844566345,"b":0.9960784316062927}},{"UUID":"433:869","layoutMainAxisSizing":null,"layoutCrossAxisSizing":null,"name":"default/ic/other","isVisible":false,"boundaryRectangle":null,"style":null,"prototypeNodeUUID":null,"child":null,"constraints":null,"description":"Все остальные иконки, например: «Прикрепить файл», «Записать голосовое сообщение», «Очистить поле ввода»","pbdlType":"global_color","color":{"a":1.0,"r":0.4541666805744171,"g":0.4541666805744171,"b":0.4541666805744171}},{"UUID":"712:692","layoutMainAxisSizing":null,"layoutCrossAxisSizing":null,"name":"Secondary/Orange 20","isVisible":false,"boundaryRectangle":null,"style":null,"prototypeNodeUUID":null,"child":null,"constraints":null,"description":"","pbdlType":"global_color","color":{"a":1.0,"r":0.9843137264251709,"g":0.8823529481887817,"b":0.8392156958580017}},{"UUID":"712:693","layoutMainAxisSizing":null,"layoutCrossAxisSizing":null,"name":"Secondary/Orange 40","isVisible":false,"boundaryRectangle":null,"style":null,"prototypeNodeUUID":null,"child":null,"constraints":null,"description":"","pbdlType":"global_color","color":{"a":1.0,"r":0.9607843160629272,"g":0.7215686440467834,"b":0.615686297416687}},{"UUID":"712:694","layoutMainAxisSizing":null,"layoutCrossAxisSizing":null,"name":"Base/ Black 0","isVisible":false,"boundaryRectangle":null,"style":null,"prototypeNodeUUID":null,"child":null,"constraints":null,"description":"","pbdlType":"global_color","color":{"a":1.0,"r":1.0,"g":1.0,"b":1.0}},{"UUID":"712:696","layoutMainAxisSizing":null,"layoutCrossAxisSizing":null,"name":"Accent/Warning/60","isVisible":false,"boundaryRectangle":null,"style":null,"prototypeNodeUUID":null,"child":null,"constraints":null,"description":"","pbdlType":"global_color","color":{"a":1.0,"r":0.9372549057006836,"g":0.8666666746139526,"b":0.615686297416687}},{"UUID":"712:695","layoutMainAxisSizing":null,"layoutCrossAxisSizing":null,"name":"Primary/ Green 20","isVisible":false,"boundaryRectangle":null,"style":null,"prototypeNodeUUID":null,"child":null,"constraints":null,"description":"","pbdlType":"global_color","color":{"a":1.0,"r":0.8980392217636108,"g":1.0,"b":0.9529411792755127}}],"textStyles":[{"UUID":"433:623","layoutMainAxisSizing":null,"layoutCrossAxisSizing":null,"name":"dropdown/menu-item","isVisible":false,"boundaryRectangle":null,"style":null,"prototypeNodeUUID":null,"child":null,"constraints":null,"description":"","pbdlType":"global_text_style","textStyle":{"UUID":"","layoutMainAxisSizing":null,"layoutCrossAxisSizing":null,"name":"","isVisible":false,"boundaryRectangle":null,"style":null,"prototypeNodeUUID":"","child":null,"constraints":null,"fontFamily":"Roboto","fontPostScriptName":"Roboto-Regular","paragraphSpacing":0,"paragraphIndent":0,"listSpacing":0,"italics":null,"fontWeight":400,"fontSize":16.0,"textCase":"ORIGINAL","textDecoration":"NONE","textAutoResize":"WIDTH_AND_HEIGHT","textAlignHorizontal":"LEFT","textAlignVertical":"TOP","letterSpacing":0.0,"fills":null,"hyperLink":null,"opentypeFlags":{},"lineHeightPx":18.75,"lineHeightPercent":100.0,"lineHeightPercentFontSize":null,"lineHeightUnit":"INTRINSIC_%","pbdlType":"text_style"}},{"UUID":"433:620","layoutMainAxisSizing":null,"layoutCrossAxisSizing":null,"name":"dropdown/active-menu-item","isVisible":false,"boundaryRectangle":null,"style":null,"prototypeNodeUUID":null,"child":null,"constraints":null,"description":"","pbdlType":"global_text_style","textStyle":{"UUID":"","layoutMainAxisSizing":null,"layoutCrossAxisSizing":null,"name":"","isVisible":false,"boundaryRectangle":null,"style":null,"prototypeNodeUUID":"","child":null,"constraints":null,"fontFamily":"Roboto","fontPostScriptName":"Roboto-Bold","paragraphSpacing":0,"paragraphIndent":0,"listSpacing":0,"italics":null,"fontWeight":700,"fontSize":16.0,"textCase":"ORIGINAL","textDecoration":"NONE","textAutoResize":"WIDTH_AND_HEIGHT","textAlignHorizontal":"LEFT","textAlignVertical":"TOP","letterSpacing":-0.20000000298023224,"fills":null,"hyperLink":null,"opentypeFlags":{},"lineHeightPx":24.0,"lineHeightPercent":128.0,"lineHeightPercentFontSize":150.0,"lineHeightUnit":"PIXELS","pbdlType":"text_style"}},{"UUID":"433:865","layoutMainAxisSizing":null,"layoutCrossAxisSizing":null,"name":"base/heading","isVisible":false,"boundaryRectangle":null,"style":null,"prototypeNodeUUID":null,"child":null,"constraints":null,"description":"","pbdlType":"global_text_style","textStyle":{"UUID":"","layoutMainAxisSizing":null,"layoutCrossAxisSizing":null,"name":"","isVisible":false,"boundaryRectangle":null,"style":null,"prototypeNodeUUID":"","child":null,"constraints":null,"fontFamily":"Roboto","fontPostScriptName":"Roboto-Regular","paragraphSpacing":0,"paragraphIndent":0,"listSpacing":0,"italics":null,"fontWeight":400,"fontSize":32.0,"textCase":"ORIGINAL","textDecoration":"NONE","textAutoResize":"WIDTH_AND_HEIGHT","textAlignHorizontal":"LEFT","textAlignVertical":"TOP","letterSpacing":0.10000000149011612,"fills":null,"hyperLink":null,"opentypeFlags":{},"lineHeightPx":41.599998474121094,"lineHeightPercent":110.93333435058594,"lineHeightPercentFontSize":130.0,"lineHeightUnit":"FONT_SIZE_%","pbdlType":"text_style"}},{"UUID":"433:1613","layoutMainAxisSizing":null,"layoutCrossAxisSizing":null,"name":"base/sub heading","isVisible":false,"boundaryRectangle":null,"style":null,"prototypeNodeUUID":null,"child":null,"constraints":null,"description":"","pbdlType":"global_text_style","textStyle":{"UUID":"","layoutMainAxisSizing":null,"layoutCrossAxisSizing":null,"name":"","isVisible":false,"boundaryRectangle":null,"style":null,"prototypeNodeUUID":"","child":null,"constraints":null,"fontFamily":"Roboto","fontPostScriptName":"Roboto-Regular","paragraphSpacing":0,"paragraphIndent":0,"listSpacing":0,"italics":null,"fontWeight":400,"fontSize":12.0,"textCase":"ORIGINAL","textDecoration":"NONE","textAutoResize":"WIDTH_AND_HEIGHT","textAlignHorizontal":"LEFT","textAlignVertical":"TOP","letterSpacing":0.10000000149011612,"fills":null,"hyperLink":null,"opentypeFlags":{},"lineHeightPx":15.59999942779541,"lineHeightPercent":110.93333435058594,"lineHeightPercentFontSize":130.0,"lineHeightUnit":"FONT_SIZE_%","pbdlType":"text_style"}},{"UUID":"433:1615","layoutMainAxisSizing":null,"layoutCrossAxisSizing":null,"name":"Sub body 1","isVisible":false,"boundaryRectangle":null,"style":null,"prototypeNodeUUID":null,"child":null,"constraints":null,"description":"","pbdlType":"global_text_style","textStyle":{"UUID":"","layoutMainAxisSizing":null,"layoutCrossAxisSizing":null,"name":"","isVisible":false,"boundaryRectangle":null,"style":null,"prototypeNodeUUID":"","child":null,"constraints":null,"fontFamily":"Roboto","fontPostScriptName":"Roboto-Regular","paragraphSpacing":0,"paragraphIndent":0,"listSpacing":0,"italics":null,"fontWeight":400,"fontSize":12.0,"textCase":"ORIGINAL","textDecoration":"NONE","textAutoResize":"WIDTH_AND_HEIGHT","textAlignHorizontal":"LEFT","textAlignVertical":"TOP","letterSpacing":0.10000000149011612,"fills":null,"hyperLink":null,"opentypeFlags":{},"lineHeightPx":15.59999942779541,"lineHeightPercent":110.93333435058594,"lineHeightPercentFontSize":130.0,"lineHeightUnit":"FONT_SIZE_%","pbdlType":"text_style"}},{"UUID":"433:774","layoutMainAxisSizing":null,"layoutCrossAxisSizing":null,"name":"base/button","isVisible":false,"boundaryRectangle":null,"style":null,"prototypeNodeUUID":null,"child":null,"constraints":null,"description":"","pbdlType":"global_text_style","textStyle":{"UUID":"","layoutMainAxisSizing":null,"layoutCrossAxisSizing":null,"name":"","isVisible":false,"boundaryRectangle":null,"style":null,"prototypeNodeUUID":"","child":null,"constraints":null,"fontFamily":"Roboto","fontPostScriptName":"Roboto-Medium","paragraphSpacing":0,"paragraphIndent":0,"listSpacing":0,"italics":null,"fontWeight":500,"fontSize":15.0,"textCase":"ORIGINAL","textDecoration":"NONE","textAutoResize":"WIDTH_AND_HEIGHT","textAlignHorizontal":"LEFT","textAlignVertical":"TOP","letterSpacing":0.15000000596046448,"fills":null,"hyperLink":null,"opentypeFlags":{},"lineHeightPx":17.578125,"lineHeightPercent":100.0,"lineHeightPercentFontSize":null,"lineHeightUnit":"INTRINSIC_%","pbdlType":"text_style"}},{"UUID":"433:867","layoutMainAxisSizing":null,"layoutCrossAxisSizing":null,"name":"base/body 2","isVisible":false,"boundaryRectangle":null,"style":null,"prototypeNodeUUID":null,"child":null,"constraints":null,"description":"","pbdlType":"global_text_style","textStyle":{"UUID":"","layoutMainAxisSizing":null,"layoutCrossAxisSizing":null,"name":"","isVisible":false,"boundaryRectangle":null,"style":null,"prototypeNodeUUID":"","child":null,"constraints":null,"fontFamily":"Roboto","fontPostScriptName":"Roboto-Regular","paragraphSpacing":0,"paragraphIndent":0,"listSpacing":0,"italics":null,"fontWeight":400,"fontSize":15.0,"textCase":"ORIGINAL","textDecoration":"NONE","textAutoResize":"WIDTH_AND_HEIGHT","textAlignHorizontal":"LEFT","textAlignVertical":"TOP","letterSpacing":0.10000000149011612,"fills":null,"hyperLink":null,"opentypeFlags":{},"lineHeightPx":19.5,"lineHeightPercent":110.93333435058594,"lineHeightPercentFontSize":130.0,"lineHeightUnit":"FONT_SIZE_%","pbdlType":"text_style"}},{"UUID":"433:1263","layoutMainAxisSizing":null,"layoutCrossAxisSizing":null,"name":"table/heading","isVisible":false,"boundaryRectangle":null,"style":null,"prototypeNodeUUID":null,"child":null,"constraints":null,"description":"","pbdlType":"global_text_style","textStyle":{"UUID":"","layoutMainAxisSizing":null,"layoutCrossAxisSizing":null,"name":"","isVisible":false,"boundaryRectangle":null,"style":null,"prototypeNodeUUID":"","child":null,"constraints":null,"fontFamily":"Roboto","fontPostScriptName":"Roboto-Medium","paragraphSpacing":0,"paragraphIndent":0,"listSpacing":0,"italics":null,"fontWeight":500,"fontSize":14.0,"textCase":"ORIGINAL","textDecoration":"NONE","textAutoResize":"WIDTH_AND_HEIGHT","textAlignHorizontal":"LEFT","textAlignVertical":"TOP","letterSpacing":0.14,"fills":null,"hyperLink":null,"opentypeFlags":{},"lineHeightPx":16.40625,"lineHeightPercent":100.0,"lineHeightPercentFontSize":null,"lineHeightUnit":"INTRINSIC_%","pbdlType":"text_style"}},{"UUID":"433:1266","layoutMainAxisSizing":null,"layoutCrossAxisSizing":null,"name":"table/user-name","isVisible":false,"boundaryRectangle":null,"style":null,"prototypeNodeUUID":null,"child":null,"constraints":null,"description":"","pbdlType":"global_text_style","textStyle":{"UUID":"","layoutMainAxisSizing":null,"layoutCrossAxisSizing":null,"name":"","isVisible":false,"boundaryRectangle":null,"style":null,"prototypeNodeUUID":"","child":null,"constraints":null,"fontFamily":"Roboto","fontPostScriptName":"Roboto-Medium","paragraphSpacing":0,"paragraphIndent":0,"listSpacing":0,"italics":null,"fontWeight":500,"fontSize":15.0,"textCase":"ORIGINAL","textDecoration":"NONE","textAutoResize":"WIDTH_AND_HEIGHT","textAlignHorizontal":"LEFT","textAlignVertical":"TOP","letterSpacing":0.15,"fills":null,"hyperLink":null,"opentypeFlags":{},"lineHeightPx":17.578125,"lineHeightPercent":100.0,"lineHeightPercentFontSize":null,"lineHeightUnit":"INTRINSIC_%","pbdlType":"text_style"}},{"UUID":"433:1267","layoutMainAxisSizing":null,"layoutCrossAxisSizing":null,"name":"table/field","isVisible":false,"boundaryRectangle":null,"style":null,"prototypeNodeUUID":null,"child":null,"constraints":null,"description":"","pbdlType":"global_text_style","textStyle":{"UUID":"","layoutMainAxisSizing":null,"layoutCrossAxisSizing":null,"name":"","isVisible":false,"boundaryRectangle":null,"style":null,"prototypeNodeUUID":"","child":null,"constraints":null,"fontFamily":"Roboto","fontPostScriptName":"Roboto-Regular","paragraphSpacing":0,"paragraphIndent":0,"listSpacing":0,"italics":null,"fontWeight":400,"fontSize":13.0,"textCase":"ORIGINAL","textDecoration":"NONE","textAutoResize":"WIDTH_AND_HEIGHT","textAlignHorizontal":"LEFT","textAlignVertical":"TOP","letterSpacing":0.13,"fills":null,"hyperLink":null,"opentypeFlags":{},"lineHeightPx":15.234375,"lineHeightPercent":100.0,"lineHeightPercentFontSize":null,"lineHeightUnit":"INTRINSIC_%","pbdlType":"text_style"}},{"UUID":"433:868","layoutMainAxisSizing":null,"layoutCrossAxisSizing":null,"name":"Sub body 2","isVisible":false,"boundaryRectangle":null,"style":null,"prototypeNodeUUID":null,"child":null,"constraints":null,"description":"","pbdlType":"global_text_style","textStyle":{"UUID":"","layoutMainAxisSizing":null,"layoutCrossAxisSizing":null,"name":"","isVisible":false,"boundaryRectangle":null,"style":null,"prototypeNodeUUID":"","child":null,"constraints":null,"fontFamily":"Roboto","fontPostScriptName":"Roboto-Regular","paragraphSpacing":0,"paragraphIndent":0,"listSpacing":0,"italics":null,"fontWeight":400,"fontSize":15.0,"textCase":"ORIGINAL","textDecoration":"NONE","textAutoResize":"WIDTH_AND_HEIGHT","textAlignHorizontal":"LEFT","textAlignVertical":"TOP","letterSpacing":0.10000000149011612,"fills":null,"hyperLink":null,"opentypeFlags":{},"lineHeightPx":19.5,"lineHeightPercent":110.93333435058594,"lineHeightPercentFontSize":130.0,"lineHeightUnit":"FONT_SIZE_%","pbdlType":"text_style"}}],"themeColors":[],"themeTextStyles":[]},"pbdlType":"project"}